antecedents,consequents,antecedent support,consequent support,support,confidence,lift,leverage,conviction,zhangs_metric
['weigth_of_list_wp'],['vs_str_No-violate'],0.42857142857142855,0.5952380952380952,0.42857142857142855,1.0,1.68,0.173469387755102,inf,0.7083333333333333
['weigth_of_list_we'],['vs_str_No-violate'],0.19047619047619047,0.5952380952380952,0.16666666666666666,0.875,1.47,0.05328798185941043,3.238095238095238,0.39495798319327735
"['has_zeros_True', 'weigth_of_list_wp']",['vs_str_No-violate'],0.19047619047619047,0.5952380952380952,0.19047619047619047,1.0,1.68,0.07709750566893424,inf,0.5
"['weigth_of_list_wp', 'has_duplicates_True']",['vs_str_No-violate'],0.16666666666666666,0.5952380952380952,0.16666666666666666,1.0,1.68,0.06746031746031746,inf,0.48571428571428565
"['weigth_of_list_wp', 'more_positive_or_negative_p']",['vs_str_No-violate'],0.16666666666666666,0.5952380952380952,0.16666666666666666,1.0,1.68,0.06746031746031746,inf,0.48571428571428565
"['weigth_of_list_wp', 'is_sorted_True']",['vs_str_No-violate'],0.14285714285714285,0.5952380952380952,0.14285714285714285,1.0,1.68,0.057823129251700675,inf,0.4722222222222222
"['more_positive_or_negative_e', 'weigth_of_list_wp']",['vs_str_No-violate'],0.14285714285714285,0.5952380952380952,0.14285714285714285,1.0,1.68,0.057823129251700675,inf,0.4722222222222222
"['weigth_of_list_wp', 'more_positive_or_negative_n']",['vs_str_No-violate'],0.11904761904761904,0.5952380952380952,0.11904761904761904,1.0,1.68,0.048185941043083894,inf,0.45945945945945943
